709723193125175300,$COST,consumers keep cautious stance
719529094652698600,$CTRP,Close $CTRP @46.16 from 43.55 entry +6%;$;+6%
39048670,$INTC,Every Reason to Be Bullish
37048093,$PANW,$PANW need anoth $1 to all time high
6207860,$JRCC,Long setup
719911771625140200,$SBUX,will be a solid long term investmen;$;#passive;$;Also added $SBUX today;$; #Income
719571433307955200,$TSLA,recall
711874651043926000,$MAR,Marriott wins new Starwood deal by raising cash portion of bid
719559500852662300,$ABBV,Time To Embrace Dividend Growth
709737853639663600,$MS,Bullshit! All #AppleStores are EMPTY in #China;$;$MS must be preparing to liquidate $AAPL
30084443,$BJRI,5-star analyst Robert Derrington from Wunderlich reiterated a BUY
711948847971307500,$AAPL,Excited;$;big +value;$;Hoping
710211237058093000,$MCD,Oil To Break Out;$;Adding Chevron
709777793798656000,$GWPH,Unusual Call Activity
719917003033681900,$QUNR,China's Tourist Bonanza Isn't Going Anywhere
39047884,$ESI,0.15
719590251891658800,$TSLA,not guaranteed
32349177,$HYG,Potential continuation Uptrend
5933426,$AMZN,longed
17892972,$MW,absolute garbage still up;$;stores TOTALLY EMPTY;$;stock mispriced
22409313,$MSTX,Buy the dip'
719895099300139000,$TSLA,weakest in todays DT watchlist
719533378698100700,$FB,We See More Reasons To Be Cautious
11685342,$DARA,breaking out
38563467,$GS,$BBRY smack down looks legitimate;$;$GS $MS;$;are playing ignorant
8472562,$BAC,in for swing trade;$;looks like want go up
719796218071621600,$AMZN,
5866181,$SPY,add short
26553639,$DVAX,Nice..
719571926285312000,$ENDP,Verified $98.95 loss in $ENDP trades
5453104,$VMW,Loving the volume
708381004180795400,$FB,hod;$;buyers stepped in
5960481,$BIDU,Clearing back above 50 day;$;next buy / add area when clears this upper trend line on volume
709780511200317400,$COST,eems to be respecting channel
708355634857529300,$CPGX,Sector Stocks Leading Today
709741154393133000,$INTC,overbought
719515248571473900,$FB,Now look at $FB live video rollout;$;Tough space.
29666346,$UNXL,kodak could pick it up before Christmas to write it off in their taxes
15981627,$AAPL,they'll whip it back down
719573068864032800,$ENDP,plus its Irish based;$; getting rid of its generic biz
5379023,$VPRT,Over 30.37
710965451677827100,$AMP,Top #NetPayoutYields
24697241,$AMRN,Got sell signal 7/1/14 still in force with target below 1.50
5853626,$GOOG,buy;$;not the end of the world
34103560,$PLUG,Future is bright
29364798,$BBRY,bulls be careful
15349675,$KGC,in at 577 added at 576 after p/b
710475186353475600,$TWTR,may be ripe for a #takeover targe
719732320404709400,$OGS,TOP 5 STOCK PICKS
35980487,$AAPL,Tomorrow morning will likely open north
710863854381563900,$HYG,Unusual Call Activity
719493174167625700,$USO,Iraq Boosts Oil Production to Record
7867073,$AAPL,Failed breakouts & failed setups;$;Limping on crutches into next week
8562689,$RA,take-over interest
719538296204959700,$INSY,$ENDP shares rattled
719498634803458000,$CSX,Buy CSX to Ride the Railroads
719524328363073500,$FB,out of $FB into $aapl
27121711,$BBBY,downgrade before ER
719881403970818000,$DB,good opportunity to BUY
719507659741872100,$INSY,$INSY lower
719535506980266000,$JPM,Nice day rally!
719881985909350400,$FB,popping up to HOD
24458298,$CROX,large players are selling
17782586,$SCTY,finally broke free from big brother's shadow?
5497092,$AAPL,buy back shares
38224737,$NTRS,"Insider Trading: Clair St Unloaded 5,838 Shares"
36006797,$VZ,Files Lawsuit Against Verizon
719571596462133200,$GOOGL,looks to have a solid 2016;$;high-teens EPS growth
709411365299982300,$SUNE,$FIT and $SUNE have not changed.
719550842475393000,$SBUX,doubled the number
23547862,$KNDI,that is a positive as top notch Investor DD can be trusted
6178538,$MSFT,The Best Stocks for 2012
719508310207111200,$SIRI,added;$;new subscribers
719535831040401400,$NFLX,Market seems like it's about to roll over here;$;Look out below!
30856626,$AAPL,Apple's category to win
31132360,$IMRS,"bullish story intact,evenif the market rolls over"
37935490,$ONTY,Continues to base as debate linger;$;Downside limited
719532032305573900,$NFLX,Our updated #core4 portfolio
37892470,$VNDA,"after this news, it has nothing left. Don't keep it anymor"
719614954500857900,$DISCA,Highest call to put ratio
708410688230842400,$PDCO,top-rated
17785769,$GS,Current holdings via options;$;Long:
719551394798268400,$WM,Watchlist Top Stocks
11875799,$AAPL,could be testing $425 in days
5514207,$BHP,$BHP +3.04%
37450150,$DIA,Time to stomp on some dreams.
719915914120921100,$DUST,Sold all:
9738169,$EDU,arrg no go I am out of round #2
8213941,$AAPL,short term fund/redemption liquidations
719861575759372300,$FB,$FB down 7.5% from this #bearish pattern;$;impressive bearish move
31143613,$SNE,Largest Online Gaming Market
709176395461750800,$GOOG,Would like to see upside break in channel this week
5835477,$EUR,European Debt once again Keeps Stocks Down
6445155,$MFLX,lookin 4 short opt here
719726286227132400,$FB,Long on $FB
5784142,$AIS,still no real movement;$;i'm on the sidelines
31518357,$VXX,Another great day with millions in gain;$;shorts get caught in the tall grass
5398884,$KBE,moves up to my TR1 long watchlist.
8351517,$AAPL,a laggard;$;Nothing to get excited about IMO;$;is underperforming the market
719905344957222900,$GOOG,"Google, IBM, ARM And AMD Begin The Assault On Intel's Server Franchise"
719644552047362000,$NFLX,weak outlook
33623906,$AAPL,Will join Dow Jones this month'Replacing
719909604654624800,$VZ,Most bullish stocks on Twitter during this dip
719582832541179900,$TSLA,red
719546315332546600,$MAR,being accumulated all day
711113383341199400,$ABC,ses warrants to buy $1.17B & 14.97% of AmerisourceBergen(PBR16) shares
719493174167625700,$AAPL,Iraq Boosts Oil Production to Record
709834259687710700,$MNK,Biggest Market Losers
719528163596873700,$BBBY,Added more $BBBY;$;Still a very profitable merchant with profitable stores
29289791,$IFF,Stochastic Sell Signal
37312789,$STLD,huge buy in all these names
36297090,$GILD,Max Pain = 101.00
5422915,$OIL,$OIL +2.76%
32728385,$AAPL,Everyone is buying calls EOD Friday
709723193125175300,$WMT,consumers keep cautious stance
11204903,$SLV,but decent supt here-expect some upside
19607999,$AMZN,swing short
709779449663721500,$FLT,Short Setups Looking Nice....Really Nice
19388705,$UL,new 'large player sells'
12800394,$BBRY,must be very exciting to have it
5526621,$UUP,"Down On The Day, The Week, The Month, And The Year"
11983857,$AAPL,$aapl interesting that all these positive stories are coming out the past few day
719644552047362000,$VG,Plunged
7399381,$IWC,Equity indexes working on a positive engulfing for March
20469877,$BEAT,Hope your not short
709723193125175300,$HD,consumers keep cautious stance
12196849,$TNA,with upcoming first support in a few days or weeks!
9416020,$SPY,Earnings growth looks dim;$; current multiple high
9742736,$WMT,Multi-year stock breakouts
710525327072583700,$FB,Timing is everything and the time is now for Canna Security America
719587542337720300,$YHOO,could see a nice pop if bids come in higher than expected
18567587,$AMCN,pushing highs
719525586863988700,$FB,turns back down in early trading
5582309,$HITK,Resuming advance into new historical highs
9358281,$PPG,I am liking it for an upside break
5419254,$SPX,Not So Pretty Longer Look
29685449,$OIL,Oil slid to a four-year low after;$;#OPEC kept its oil production unchange
708375808793026600,$SPY,Flat week
22100916,$FB,eod run :)
17454753,$TSLA,Long
719530996681568300,$FXE,Another Sell Rating
719562665081737200,$TSLA,AAPL could jump 50% partnering with Tsla
709776718026768400,$NKE,China February Retail Sales: E-Commerce Remains Resilient
719732320404709400,$ROST,TOP 5 STOCK PICKS
18183440,$SIRI,LONG!!
21026010,$CDTI,today's momentum movers
709731726726193200,$VRX,the most trending
719891468173844500,$FB,Looking for a strong bounce;$;Lunchtime rally coming
719599977480253400,$WFC,Stocks Higher In Afternoon Trade
709787137881858000,$AMZN,Time to go long $AMZN?
719888646241955800,$AIG,First quarter is amazing
37048093,$FTNT,$FTNT new high..
719576182941958100,$FB,technology;$;help users
13152807,$AAPL,next resistance should be around
719520260181909500,$TSLA,bulls defend
719753696339472400,$AAPL,Has broken its downtrend
719872154641244200,$SBUX,Slips on Downgrade
709389876295110700,$BITA,long
719849703106551800,$CRM,Pie In The Sky
9162226,$SBUX,hottest part of tech;$;$SBUX deal
5386257,$RIMM,Its a great company;$;Needs buyers
719515579372077000,$SPY,Added long at friday close
22780978,$TLT,$IEF bullish. $TLT too.
11238707,$UVXY,Back in the saddle again
710158462253142000,$QQQ,"if one is to go long, money rotating into large cap tech"
719616495962067000,$GOOGL,Seeing Competition
719533378698100700,$C,We See More Reasons To Be Cautious
8499556,$ACAD,up another .03 in AH;$;it has a long way to go to find resistence
38895736,$QJPN,3 Top Japan ETFs To Surge Higher In 2H
709777793798656000,$WSM,Unusual Call Activity
13024560,$AAPL,"Ron Johnson tried, and failed, to inject a bit of Apple culture into JC Penney"
719506353421709300,$COST,A Premier Retail Dividend Play
35257107,$BB.CA,BlackBerry Messenger is second only to Facebook in user loyalty
8260657,$ARNA,up for sale!
710827150266355700,$ADBE,nice fade from the bell
39047349,$ASMB,Stochastic Overbought
709765994416365600,$WFM,$WFM may feel price competition
719534447771697200,$TSLA,users on Vetr are bearish;$;indicating a SELL Rating
709743356428025900,$AAPL,up 1%
10602596,$CHMT,breakouts
719571428060766200,$TSLA,RECALL
39047349,$ALR,Stochastic Overbought
719796218071621600,$AAPL,Sell Rating;$;In Need Of Innovation
10920221,$BAC,buying opportunity
710142505493405700,$TSLA,will like $TSLA to the end
14140852,$SPLS,Google Will Soon Start Selling Chromebooks At Walmart And Staples
6267912,$AAPL,analysts have the martian orders way too high theyll never hit it!
709973585226571800,$JD,massive new $JD headquarters;$;Not much slowdown to be detected
5721348,$SPY,Nice little cup-and-handle shaping up;$;favours a good day for the index
719849703106551800,$CHKP,Pie In The Sky
25571322,$DNKN,Inside week buy triggers
5441240,$FAST,stocks insiders are bullish on
9982140,$VVUS,moving up again
708406053973659600,$TWTR,recessions;$;declines
719693593066258400,$GOOG,Google dividend - 0%
5614354,$MVIS,gets NASDAQ Delisting Notice;$;board will quit diluting the shares
32427089,$STX,Quality Stocks With High Cash Returns
15946770,$IRE,Is It Finally the Right Time to Invest in National Bank of Greece?;$;$IRE
709431643363213300,$TSLA,Loves What It Sees
719535209423593500,$YHOO,bounce & retreats;$;Not short by any means
14655289,$SPY,still wants higher I think.
28061995,$PCLN,Crazy market up down up down up down
25571322,$LOCO,Inside week buy triggers
7040295,$NIHD,insiders got this one wrong;$;Looking for bottom;$;Rsi under 30
24815315,$IBB,good comeback
709411365299982300,$SH,$SH has got potential
719891971360165900,$SBUX,eading for the 200DMA and certain doom
710211237058093000,$AXP,Oil To Break Out;$;Adding Chevron
21024991,$TSLA,stopped out
32349177,$HAL,Potential continuation Uptrend
39048817,$NBG,spikes its lows;$;lower it will go
34122674,$AMBA,$amba down
719615643918577700,$AAPL,its a must buy
21174505,$ADBE,"$ADBE shorted, there was only 1% short float"
25032300,$AAPL,me gusta
708399906990329900,$ISRG,Rally Friday!;$;#new52weekhighs;$;p over 31%
719572285170933800,$TSLA,$TSLA in the news - not good
32753195,$BITA,delivering the goods again let's see if that can spill over in other chinese internet names
5806487,$NFLX,companies shld be worried about iCloud
13088382,$GOOG,
719864087132442600,$DAL,GevoÃ¢â‚¬â„¢s Alcohol to Jet Fuel Now Eligible to be Used for Commercial Flight
709758795648409600,$FB,$FB gone green on day
7737263,$INCY,$INCY +100
719493174167625700,$UWTI,Iraq Boosts Oil Production to Record
19500150,$F,expects earnings to maintain healthy growth in the year ahead;$;The companyÃ¢â‚¬â„¢s share price gained
10413981,$AAPL,Sees Downside to $425
719467784007192600,$CTXS,Citrix Systems Inc $CTXS Position Increased by Mizuho
9999828,$FB,Nice buyable intraday dip right here
719864087132442600,$SPY,GevoÃ¢â‚¬â„¢s Alcohol to Jet Fuel Now Eligible to be Used for Commercial Flight
17610673,$MSFT,will lose at least $1B;$;may not be profitable for another year or so after that
5554666,$GMCR,waterfall ahead?
710863854381563900,$VXX,Unusual Call Activity
719535506980266000,$DIS,Nice day rally!
38563467,$BBRY,$BBRY smack down looks legitimate;$;$GS $MS;$;are playing ignorant
5795737,$GD,13F Shows New Stakes in
14756968,$AAPL,$AAPL;$;had a big GROWING success for years
708416296665399300,$CSCO,still have positive market bias;$;Sharp Rally In Low-Quality Stocks Points To Ongoing Market Gains
710060125063614500,$NFLX,SELL ;$;$NFLX
15928669,$FRS,$FRS #Restaurants 24.75+9%
719661137411747800,$CSCO,cuts outlook down
719519136318169100,$FB,cracking lower early;$;$short;$;#correction
17785769,$V,Current holdings via options;$;Long:
719720776027353100,$STX,Biggest gainers today large caps
710532117164232700,$CTXS,New MACD signal created on
12799689,$AAPL,$AAPL cleary surpassed their BB
8123917,$AAPL,broke descending channel
709362616578154500,$GOOG,more complex challenges
710822084579086300,$SPY,Markets Back in Black for 2016
709834259687710700,$SID,Biggest Market Losers
12790708,$NOK,Nice pop today;$;Told ya we would be green
719873426136150000,$SBUX,Deutsche Bank Downgraded Starbucks Co
719609967565803500,$AMS,$AMS (Ahold) has 5%
8308437,$KORS,Should rise again 2morrow
24504842,$KGC,looking to add a gold miner and possibly lower pe tech name into close
37340646,$ZIOP,sucker rallies;$;down trend
719620962094870500,$YHOO,shares climb
7177668,$EZPW,looks good for a few
12732850,$AAPL,at pivot area on intraday chart
719811329922625500,$AMZN,diversifies risk;$;best place in the world
711712771675652100,$TSLA,I think this $TSLA bubble might go on for some time
719634617465081900,$YHOO,private equity for Yahoo bid
710211237058093000,$WMT,Oil To Break Out;$;Adding Chevron
719937548668256300,$AAL,s Anglo American jumps 9%
18038613,$BRCM,raises revenue forecast
9393661,$SPY,market has a lot of faith in the ECB
31143613,$MSFT,Largest Online Gaming Market
719661137411747800,$JNPR,cuts outlook down
8746240,$QCOR,a little pullback
5512185,$SSO,Possible target
30741682,$HPJ,short sighted sellers will be sorry soon
38028268,$LPTH,$LPTH hot
709483088603119600,$BMRN,likely to strongly benefit from #genetherapy
6783339,$HGSI,Good to load up Be confident
38793629,$PVA,congrats to whoever bought under
719486879842902000,$FB,$FB has 20 times the advertisers of $TWTR
719644552047362000,$YHOO,weak outlook
9182739,$EWJ,Tensions grow between China and Japan
24504842,$CSCO,looking to add a gold miner and possibly lower pe tech name into close
38240250,$PBMD,investment validates company
719525463878557700,$FB,
719556016749330400,$W,Why is $tsla not available for shorting at this time? Same for $w?
32427089,$DTV,Quality Stocks With High Cash Returns
11149717,$HLF,Broken Stock;$;downside possibility;$;I will initiate a new short position
35559365,$AAPL,finally breaking under the 49 M.A;$;no buybacks this week
711910931937112000,$EROS,$EROS gets clean bill of health after audit.
719923191058210800,$GILD,shopping spree may continue!
710187873492983800,$HZNP,who won't pay anymore;$;REAL risk
709398139195641900,$CTRP,adding $expe and $pcln to the mix soon;$;I already have $CTRP and $trip
709765435546185700,$NEIK,Strong Buy
13286015,$TXRH,EPS were Up 19% from the same quarter last year
710863854381563900,$BAC,Unusual Call Activity
29679970,$CO,4-star analyst Scott Henry from Roth Capital reiterated a BUY
39048791,$WYNN,I'm going in tomorrow evening :-)
719884758520606700,$FB,$FB squeezing from one side;$;
719534350509948900,$AAPL,sees #Apple at $150/share in a year (+36% from today)
719725258480046100,$TSLA,Tomorrow might be a rare buy $tsla day
6003051,$BMO,In play tmrw
27434594,$SPY,In for 195 calls at .78
710863854381563900,$EEM,Unusual Call Activity
710130452808536000,$MSFT,CALLS were getting hot...today getting paid
13277173,$PAY,Still not breaking out
5514207,$FXI,$FXI +2.93%
22167633,$FB,Facebook Is Trying To Get Into Payments
25330712,$CSOD,I am excited about all these plays
6206304,$FIO,get in on the ground floor of $FIO
711956003999211500,$BIB,91 now support
710849407844028400,$AMZN,reat comeback by $AMZN;$;great comeback by $AMZN
719529978308603900,$NXPI,new high for 2016
6763560,$AAPL,still on track for $500
10103332,$CAT,if gaps down will probly open at ;$;and get worse these puts were stupid cheap
709777793798656000,$RF,Unusual Call Activity
719513471289860100,$YHOO,Daily Mail may own Yahoo!!
710620435121971200,$NFLX,Top Stocks in 2015 are Ready to Lead Again in 2016
29712507,$HAL,not getting in;$;oil is falling more
24229806,$APP,"competing bids to emerge, and will permit the Board to explore other value-enhancing alternatives, all with the objective of maximizing"
27655637,$GTAT,the resurgence in stock price today might mean that the company may emerge stronger than ever
719563779378438100,$SBRY,Supermarket Stocks Rally as Tesco Plans to Axe Non-core UK Assets
719535349379285000,$FB,Long;$;buying point
26218325,$PLUG,bear raid
719519346557657100,$SPY,#trading weak vs. $SPY & $QQQ
21368480,$MSFT,short
719500525914492900,$AAPL,Expects Strong Results
7737263,$CALX,$CALX +40
719532321855025200,$TSLA,One of the more obvious opportunities this year
18249994,$BAC,holding up relatively well compared to the broad market
23416197,$HRL,i would rather be a buyer UGAZ at these levels then trying to sell
26943825,$VIPS,will go up much higher after this drop.
719528681605959700,$PYPL,I dumped $PYPL and $PRLB
7139227,$SPPI,the real deal here...HOLDING
24458298,$INO,large players are selling
719478441544925200,$EURUSD,Yahoo extends bidding deadline as interest grows
29012822,$FCX,Could offer support revisit to jump on long bus?
719523247604285400,$SBUX,NEW Positive Timing Signal
14695795,$BBRY,will bring good news in time
719597174946992100,$HOT,Shareholders welcome Marriott-Starwood deal
711946103189426200,$PYPL,Big winner;$;Long
7284904,$AAPL,those short are holding their breath hoping for a miracle
6135022,$GS,back in
719535831040401400,$SPY,Market seems like it's about to roll over here;$;Look out below!
13028004,$VECO,LED light bulb prices rise in Japan
12108658,$LNKD,over 100% upside left from here in next 6 mnths
6148018,$SPY,Bears Take a Clear Near Term Advantage
17025255,$FB,Topeka Capital Markets thinks so;$;Is $FB a BUY?
710863854381563900,$GS,Unusual Call Activity
9346026,$AMRN,No one want to miss out on any great new;$;patent new nxt wk
719909604654624800,$SCTY,Most bullish stocks on Twitter during this dip
719575574101016600,$SPY,loading $SPY and $AAPL puts;$;think were toppy
709745040826966000,$LUV,airlines battle for Cuba routes $AAL $LUV $SAVE $JBLU
719927267867103200,$TSLA,Pullback_Time
13552568,$BBRY,another 30% on $BBRY 16 weekly puts
5466785,$WYNN,red before the bell
719945914270556200,$GOOG,$FB is taking the shine off $AAPL and $GOOG
33296832,$AAPL,rally mode
709779449663721500,$IVZ,Short Setups Looking Nice....Really Nice
5703818,$AAPL,becoming such a disaster;$;Better returns elsewhere
10041230,$LYB,entry idea;$;coming out of a narrow intraday range with yesterdays high still above
719574026134237200,$AAPL,$AAPL killed former; killing latter
5679790,$WTS,best stock: $WTS +15%
5801762,$TIBX,Insider selling probably the reason
13415559,$HMC,Looking for $HMC stock to make new 2013 high
22410112,$GLUU,33.0% decreased bullish conversations
719665168431456300,$IPG,Breakout watch
708960045799759900,$F,Insiders Are Selling
719528591168565200,$STX,strong weekly led to buy rec last week;$;Daily RS improving
719599233280512000,$GOOG,trails $MSFT $ORCL $GOOG $CRM $ADBE
28127317,$CYTR,$CYTR AF bashing
719549796994814000,$AMGN,Out of $AMGN one year later;$;I'm tired of waiting here
8056516,$WGO&,was right to reject the offer
8168244,$UNG,Bot more $UNG puts
710580416634171400,$AAPL,right at the top of thre cloud
5350721,$TZA,Buying $TZA calls
19869247,$NDX,closed Friday with the RS line in new highs
15208067,$CLF,Rising steel demand and higher prices in both steel and coal;$;Cash Magnet
719849703106551800,$ATVI,Pie In The Sky
710232348738986000,$FB,Fed cuts rates forecast;$;Our calls go 100%
10932475,$AAPL,Adding to the Puts
9739175,$AAPL,anyone who stayed long $AAPL made plenty $
35161526,$OPK,Like this one a lot.
709777793798656000,$HTZ,Unusual Call Activity
15479707,$BBRY,Actually lost .03c per share
719532032305573900,$ULTA,Our updated #core4 portfolio
36961143,$AAPL,Dips being bought up real quick
719614954500857900,$CFG,Highest call to put ratio
5898485,$ACOM,Downside breakout looks to be coming soon
719540521576882200,$AMZN,Equities recently tagged #undervalued
719869785249460200,$TRIP,maintains Neutral rating at JP Morgan;$;PT cut
719656300863299600,$VIAB,heapest #stock by PE in Television Services industry;$;PE 8.18 vs.avg. 26.864779
24946705,$ACRX,hell yeah ill take that fill all day long baby
719545628985004000,$NFLX,Pot. cont. Uptrend LONGERTERM
711022398322008000,$ISRG,Break out confirmed;$;Bought Leaps
30800444,$DNKN,Perfect buy there
35143213,$GPRO,Long $GPRO for a brealout trade
719623898627616800,$SBUX,Digital Strategy To Drive Significant Growth With Customer Loyalty
5849433,$IP,Double bottom;$;handle buy point
719503915591413800,$BBBY,stock options trade would have more than doubled your money
27783065,$RXII,This company's tech works you better load up while you can
710221245716021200,$GOOG,Report: Apple signs up for Google's cloud
709738392968364000,$AAPL,run Forest run!!
719950370294792200,$ITC,Aggressive Buy
719859934662365200,$AAPL,"A year after its launch, itÃ¢â‚¬â„¢s now clear that pretty much no one needs an $AAPL Watch"
35243913,$ENB.CA,bullish reversal setup and breakout
719530483898421200,$NFLX,$NFLX holding it's gain
5679790,$EK,Worst performers today;$; $EK -10%
15256814,$AAPL,My guess is that $AAPL buys back after;$;catch the pinners off guard
719652260322476000,$BLUE,Today's losers
5481072,$SDS,bearish outside day
719571578892206100,$FB,Commodity Channel Index Indicator signaled a Oversold
709382760092160000,$TSLA,can't get back above $212.20
719914922310643700,$EBAY,launching shopping bot;$;catalyst2016;$;#catalyst2016
719519768349249500,$TSLA,yeah lets go down
719612808913006600,$FB,held below;$;double TOP
709580205204099100,$REGN,above its lower Bollinger Band
37400198,$FREE,Heeeeeere comes the pump!;$;So glad I picked up 9K end of day!;$;Get ready for the bull ride!
719547552874512400,$AAL,Airplane And Hospitality Industries Set Their Sights On #Cuba
708355634857529300,$LNC,Sector Stocks Leading Today
710145820939706400,$ADBE,Impressive numbers
35596867,$XLU,trying to break >50-Day SMA
26722177,$RXII,still holding from 226 yday
5670556,$TZA,
38242955,$CPIX,Hopefully will pull back
6190411,$MU,"looking for a healthy pull back, but longterm target 8"
36657723,$PAL,lost huge but still hopeful
8301393,$AAPL,rejected the hod;$;should head lower
33349961,$AMZN,short/put positions looking good here;$;Wait for market downturn to confirm
13998560,$SPY,shorting this pig
710211237058093000,$CSCO,Oil To Break Out;$;Adding Chevron
37081094,$XLE,till failing to close above the 10D MA;$;continues to stand out weak
719545488702177300,$M,Five Stocks that Helped Starboard ValueÃ¢â‚¬â„¢s Equity Portfolio Return 6.5% in Q1
16084152,$AAPL,Active puts
719869647907110900,$SBUX,Deutsche Bank cuts $SBUX
708355634857529300,$DHI,Sector Stocks Leading Today
24943436,$FTI,Breakout today after reporting earnings last night
709779449663721500,$AMGN,Short Setups Looking Nice....Really Nice
7043040,$AAPL,Sold Jan 2013 $580 puts on the lows of the pull back
711720585143967700,$FB,orgetting the potential relative value of its users
5359914,$TZA,Letting the calls ride solo now
719555610497273900,$AMZN,$AMZN +1.28%
5514207,$SLW,$SLW +1.68%
719905344957222900,$IBM,"Google, IBM, ARM And AMD Begin The Assault On Intel's Server Franchise"
5853626,$AAPL,buy;$;not the end of the world
719497506808328200,$INTU,$INTU ;$;ises as a Cloud Software Company.
7678713,$QCOM,"Sorry Longs, Correction mode"
12248515,$GE,LONGS
719891827529281500,$INTC,finally some nice downside move;$; looking for the 31 handle to break
12319255,$UVXY,Take a shot from
21130209,$SPY,Relief rally becomes belief rally?
710060125063614500,$FB,SELL ;$;FB
13134473,$AAPL,Its time to buy
19388705,$GA,new 'large player sells'
31143613,$NQ,Largest Online Gaming Market
719544293606735900,$WDC,Notable gainers among liquid option names this morning
9099325,$AAPL,i see a big down day in the near future
12248515,$SWHC,LONGS
21985811,$DDD,Hope they Crush it!
19639364,$CTRP,China winners
21382309,$AA,Downbeaten stocks may be ripe for buys
30827588,$AREX,"With Oil Prices Down further, Oil Stocks Looking Less Cheap"
5285681,$TZA,still in
719884784672120800,$AAPL,upper trend line is the approximate position of the 200dma;$;Bias is up
35898170,$BIOC,Wow! Biocept is among the best under 5 stocks.
14631536,$OSUR,up 33% since 6/25 buy signal
5983670,$LNT,Increases Annual Dividend
25816362,$TWTR,"all on a longer-term, technical swing long basis."
719528411430051800,$TSLA,may feed off $TSLA momentum run lately.
709741154393133000,$CVX,overbought
5462494,$SPY,The support is now at
38960261,$MCD,looks set to fall further
8658550,$AGU,pretty steady accumulation off support
709834259687710700,$ZYNE,Biggest Market Losers
719536774821867500,$MINE,Buy Call!
30506310,$GPRO,Closes Near Key Support Zone
719869800726544400,$BIDU,Alibaba invests in Southeast Asian retailer Lazada;$;$BIDU
21272771,$NFLX,getting their wings clipped today
15852778,$RNN,staying above the open a very good sign!!!
719520125582504000,$MFA,downgrade
14308451,$SLV,"AWFUL, down from"
9430169,$CSCO,getting killed on $CSCO calls
22514242,$ATRS,support - hope it holds or look out
719609780000657400,$OASM,$OASM is 'grossly undervalued
8054825,$FB,is a thumb down so far;$;No like;$;It was supported by the IPO maker
5426139,$AAPL,could possibly even see425
5540055,$F,Putting on a little $F short
719540521576882200,$GPRO,Equities recently tagged #undervalued
719847471036375000,$NFLX,$NFLX higher than I expecte
8896901,$AAPL,short;$;doesn't move upward w/ conviction
7867073,$HLF,Failed breakouts & failed setups;$;Limping on crutches into next week
33983714,$XLU,long April $44 calls
7817758,$AAPL,Sell signal hit at;$;it will go down for the next 5 min
5684290,$FIX,Revenues $328.1M vs $328.18M Est
29960476,$QQQ,$QQQ ;$;watch for a close near HOD
5819749,$LNKD,short worked;$;puts up 50%
710060125063614500,$GOOGL,SELL;$;GOOGL
719909604654624800,$GOOGL,Most bullish stocks on Twitter during this dip
19135590,$NQ,This stock is just consolidating through accumulation;$;Will be funny to see shorts get creamed
8870370,$HZNP,"put money in $hznp better option, because drug already make money"
8307465,$ARNA,Be cautious here if u are late to the party
709818213618442200,$ENDP,now Long
10932475,$AMZN,Adding to the Puts
719571725420269600,$YHOO,Yahoo's getting lots of attention
11781180,$COMPQ,all going down
719473167945732100,$ACET,Monday sold
719627739347755000,$MSFT,Windows 10 is awful
719665168431456300,$NLSN,Breakout watch
34366754,$PLUG,Looking good
7800016,$SU,should reward better on good earnings
719904304207962100,$ALK,record number of passengers served in 2015
710541213422776300,$GOOGL,"breaking 759, eyes on 755;$;next buy target is 737.5 on down to 732"
30800471,$JCP,Worst stock of 2015.
719904304207962100,$DAL,record number of passengers served in 2015
719535349379285000,$NFLX,Long;$;buying point
7867073,$SBH,Failed breakouts & failed setups;$;Limping on crutches into next week
719535349379285000,$AAPL,Long;$;buying point
7820993,$YOKU,Chinese ADR's are heading higher
719530996681568300,$BLUE,Another Sell Rating
12767826,$SPN,Institutions seem to like this class of stocks
13673151,$AAPL,people think it's safe from the market drops......NOT!!
710117230718148600,$AAPL,$AAPL is losing
719596613874745300,$FB,bear flag on hr chart!;$;get ready to buy tha DIP
26491756,$PLUG,Balance sheet value is penney stock
719551394798268400,$APC,Watchlist Top Stocks
711874109286711300,$TSLA,upgraded to Buy @ Argus
719607788364832800,$AAPL,weekly still under the 50 moving average;$;creating a lower high
719572485251973100,$TSLA,tock still green
719699054645612500,$CWEI,Bottom Losses
22409313,$LF,Buy the dip'
8063870,$FB,It's like Christmas in May
719683753916899300,$FB,FB's a glorified scrapbook
27018625,$SLV,Going lower;$;Forget about it or go short
719872154641244200,$MT,Slips on Downgrade
5359658,$FIO,market tanking;$;scaling down longs now
710594321481801700,$ICLR,#oversold
17919593,$QIHU,Looks like good entry for $QIHU here.
711956003999211500,$IBB,91 now support
9182739,$EWH,Tensions grow between China and Japan
719517217247735800,$SA,In Play Longs
719699054645612500,$CTRP,Bottom Losses
13946775,$SPY,chart shows distinctive down channel ;$;not a dip
14898527,$FB,churning in high volume;$;Lot's of sellers trying to get out
17807004,$P,if u think pandora is the game changer please check spotfy...
9655994,$AMRN,support at 12.50
719909604654624800,$STZ,Most bullish stocks on Twitter during this dip
14374679,$MCP,it's ok if you short or go long;$;everyone can win when a stock moves around
719520383699824600,$GOOGL,Pivotal sees 27% upside for Alphabet
719572927562297300,$TSLA,recalls
719559558494969900,$CTRP,breaking out here on good vol and a parser buy signal
719699054645612500,$OASM,Bottom Losses
719508490616762400,$FB,$FB +34% vs. +5.7%
6132955,$AAPL,"This is too easy, just sell the open every day"
719627436447535100,$JJSF,ended the day down
719614954500857900,$INVA,Highest call to put ratio
30091485,$JNUG,Intraday B/O on bull flag;$;$JNUG
10698860,$GOOG,"Google, Inc. completes acquisition of ICOA"
35960005,$TSLA,I can play the 4/30 announcement sell off
719884293732847600,$AMZN,"No break out yet, either direction"
38651699,$SGYP,Go elsewhere
9456018,$AMRN,Patents look strong and com
5934720,$FMCN,back under;$;darn those shorts
710863854381563900,$CMG,Unusual Call Activity
710541216698335200,$CSCO,Agree To Buy
32381426,$BDI,The Baltic Dry Index has only been lower than this 8 days in 30 years
719942280258322400,$NFLX,Had stalled @ 106.44 previously Looking to enter near $106.50
13895720,$SPY,c'mon bulls buy DIPS!
719607804538044400,$EBAY,No more buying
13116484,$VOLC,THIS STOCK HAS A VERY VERY VERY VERY VERY HIGH PROBABILITY OF RALLYING
709948124849115100,$GILD,picked up $CALM target 57 and $GILD target 115;$; has great upside potential
719585827374895100,$VRX,SELL SELL SELL SHORT SELL THESE IDIOTS LEAVE EM HOLDING THE BAG GOING TO END UP LIKE $VRX WORTHLESS BLOATED POS
15715060,$YHOO,A breakout above $29.83 would constitute a technical entry for the short term trader
719890047135281200,$QQQ,red $AAPL dragging down $QQQ
30403288,$GDX,strong move today for the Junior Gold Miners;$;keep an EYE out for a gap fill
19639364,$BIDU,China winners
7678713,$AAPL,"Sorry Longs, Correction mode"
711188520115818500,$TSLA,so I can short
9564221,$ANTH,more good news coming so i'll hold my thirty large
25735517,$PLUG,Nice to see them turn the corner!
719551384249634800,$YHOO,Crazy how CEO Marissa Mayer would receive multiple millions of dollars for failing to turn $YHOO around
719630671220777000,$MRK,Drugs and Biotech Getting Perky
7867073,$MNST,Failed breakouts & failed setups;$;Limping on crutches into next week
5576283,$AAPL,I'm still bullish
710511181027536900,$AAPL,hit my short term target of the 100 SMA
9298895,$NSM,Next long I'm eyeing is
26037247,$SPY,maybe a new buy program
711907079296933900,$DVN,Unusual call buying
24228488,$TROW,Ascending triangle gives a bullish bias to this chart;$;Breakout above 84 will be positive
719493174167625700,$SPX,Iraq Boosts Oil Production to Record
719680445550587900,$DANG,Reasons for caution about Chinese stocks
709779449663721500,$HRTX,Short Setups Looking Nice....Really Nice
719536774821867500,$ANPPF,Buy Call!
11041345,$AAPL,who the hell would touch this right now?
719877375102570500,$FAST,misses by $0.01;$;misses on revenue
710232349779300400,$AAPL,$AAPL using $GOOGL for cloud
719849703106551800,$AMZN,Pie In The Sky
37516896,$MATW,Today's Strong And Under The Radar Stock
8108130,$AAPL,I went long and short in the same acct
38428783,$SGYP,Synergy Pharma Soars 67% Today On Positive Phase 3 Results
709777793798656000,$ASHR,Unusual Call Activity
6307787,$AMT,tight pattern here
29695868,$TXN,Moved Upper Bollinger Band
8412634,$AMZN,breaking
709398151283793900,$TRIP,68 Calls BUYING Activity
6495505,$SINA,Could be some technical sellers;$;shorts getting back in the game
710863854381563900,$C,Unusual Call Activity
5350721,$TNA,Buying;$;puts tomorrow
719881403970818000,$SBUX,good opportunity to BUY
719862035396169700,$CSX,Today after the close $CSX
719530610193137700,$CTRP,breaking out
32430292,$SPY,seems a very strange market;$;the way Oil is controlling the markets
710965451677827100,$M,Top #NetPayoutYields
15804408,$AAPL,Any suggestion what puts to buy
15526518,$CYBX,Anyone know what's up with this big sell off?
38895736,$ITF,3 Top Japan ETFs To Surge Higher In 2H
719593062406598700,$FB,Closed Buy
8701834,$VVUS,bear raid in effect
5662488,$GMCR,There is massive short squeeze opportunity here
31795627,$AKS,teel Revenue Rises 36% on Auto Sector Demand
6178538,$CAT,The Best Stocks for 2012
6202274,$YHOO,Board To Assess Alibaba-Softbank Proposal Further
7842859,$SDS,picking up some speed
39047416,$COWN,Stock is Ripping
20249627,$ACAD,in from 3.61
719584100227526700,$WFM,Whole Foods Market is slated to open doors on May 25
33172382,$BBRY,both 1m/6m trends turn bullish today
11025416,$ARIA,CITI even reconfirmed it's 'Outperform
5704419,$XHB,Will homebuilders lead a sustained stock market rally?
13560345,$AMRN,Full bull call spread ranging
6692038,$JNK,Does not want to go down;$;risk appetite still high
719781150554722300,$JD,Peter Smedley reiterates JD Sports Fashion BUY
12767826,$BHI,Institutions seem to like this class of stocks
719559500852662300,$WYN,Time To Embrace Dividend Growth
708898404181475300,$TSLA,Nobody wants an electric car
34060864,$KNDI,reak that HOD on volume;$;we have a nice consolidation completed for another run
719549030892744700,$AAPL,Stock Climbs as Barron's Sees 40% Upside
29580219,$ARIA,tock is on its way to high;$;Upgrades and more positive news expected
6206304,$AAPL,
708351849796083700,$JBLU,Short Squeeze Ready To Upside w Crossing Important Technical Level
719900573856829400,$NLSN,$NLSN launching a marketing cloud
710857137585528800,$VRX,"addding tsla ss , added small vrx long $TSLA $VRX"
719536774821867500,$LIFE,Buy Call!
30827588,$OIL,"With Oil Prices Down further, Oil Stocks Looking Less Cheap"
26733780,$GTAT,who's buying here and why?
719937548668256300,$RIO,s Anglo American jumps 9%
13084809,$CRUS,Component supplier $CRUS falls for no sale.
719535506980266000,$AMZN,Nice day rally!
10586814,$AAPL,nibbling on a small long;$;buying off 13min charts
8065304,$EFUT,posted buy pm at $4.40
708385672998989800,$YHOO,should fire Marissa Maye
709420584979927000,$STX,SOMEONE is buying BIG;$;here off the lows
18365036,$YELP,looking good
8596164,$SONC,Amazing run since middle of March
719875775097348100,$FB,to generate $895M in revenue
18706410,$SRPT,could be lotto winners
719523999282278400,$ILMN,piper Jeffries raises pt;$;I remain long
20312961,$GE,"I can't understand the logic of shorting this now;$;Oh well, it helps the price go up I guess"
708399906990329900,$T,Rally Friday!;$;#new52weekhighs;$;p over 31%
709893877566582800,$CHKP,ABC Bullish Pattern
13523414,$AL,very nice pattern on the $AL weekly;$;but that pre earnings action Thursday needs to be resolved before
12767826,$FTI,Institutions seem to like this class of stocks
719540465188675600,$SIRI,Lucrative E-Sports Opportunity
719612962013634600,$V,$V has some momentum
719533807897047000,$AMZN,over 225 million new Internet users are being added globally every year
7399381,$SMH,Equity indexes working on a positive engulfing for March
719545584995029000,$AMGN,Big year at $AMGN
710491410789752800,$AMZN,$AMZN dropping ~$7B of market cap;$;because they're losing $400M of $AAPL's business
8067736,$GRPN,$GRPN having a much better day than $FB
36925712,$NFLX,launching in Japan in the fall;$;Think this will be one of fastest launches of any country to date
719586430243090400,$NXPI,Added to nxpi
710793306100228100,$TSE,"Going back in, but slowly"
719515579372077000,$BLUE,Added long at friday close
719535506980266000,$WMT,Nice day rally!
13132243,$XLP,seriously nothing says strong growth like;$;well played
7853493,$SPY,fast 56pc dive
32370562,$GDX,
16084152,$LAMR,Active puts
19034611,$ECA,I wanted to get in this morning but missed it!
10561783,$KCG,bot at 2.24
12134471,$OKSB,clearing new 52-week high from a good base
18526288,$NFLX,short term consolidation then movement higher
34332530,$HCP,Come to the party and buy this;$;gonna give solid gains and a dividend
719523139730993200,$FB,$FB still a dog going much lower this week
719528176096030700,$TSLA,$KNDI China electric car maker. China car sales +7.8%.
10892920,$WPRT,Holy green day batman;$;luv it when a plan comes together
8205873,$GLD,went from 26 to 66
16915153,$JCP,remember she can squeeze as market di
8784472,$AWAY,Needs to make a solid break thru current resistance
21778536,$BAXS,Sometimes I question why I bother in sub $5.00 stocks;$;Retail is so short sighted
15249839,$DIA,RSI lowest level since October 2012
719905644648632300,$ATVI,Announces Record #Esports Viewership
37312789,$NUE,huge buy in all these names
719602897479168000,$GOOGL,decent handle;$;Pretty tight for a month now
32199482,$GILD,Sandbagged the guidance;$;was cautiously optimistic
719486879842902000,$FB,$FB has 20 times the advertisers of $TWTR
20276674,$ARIA,they are all poised to breakout.
719903541167464400,$INFI,
710115038011465700,$SDRL,$SDRL 3.69 long
19869247,$SOX,closed Friday with the RS line in new highs
31015066,$UGAZ,gonna start shorting every 10%
13279906,$QQQ,Large cap tech is finally trying to catch up with the rest of the market
13451840,$ALXA,needs a rush of buyers;$;i like it tho
719669537201725400,$JUNO,$JUNO got some good news today
719915781719347200,$ESRX,has room to go
39047584,$ETRM,Dilution don't scare me!!!
35950566,$CLF,bumped up against resistance 3 times on 5min
719493174167625700,$NUGT,Iraq Boosts Oil Production to Record
15530874,$NVDQ,watch for momentum above
20795798,$TSLA,A 600% Yearly Return Is Not An Ordinary Occurrence
719672950044106800,$TSLA,It's gonna short $TSLA at tomorrow's opening
33674145,$ATHX,sign of a healthy advancing stock that stays above 20dma
5887305,$SPY,down big would be AWESOME
709019023921561600,$ISRG,n a great financial position
21805951,$RNN,it should start going up slowly from now on
719652260322476000,$ICPT,Today's losers
5509901,$T,breakout long;$;through the 100 and 200 MA;$;see it run
37476848,$PX,may have a lower entry point
25145744,$RAD,All my charts are flashing oversold.
5959915,$TSPT,long
710554129844797400,$MDLZ,Trims Its Stake
708381020765052900,$JKHY,Up +13.26%
719564967972765700,$FB,
710496429974888400,$ORCL,5 Best Analyst Rated Stocks
719908259893616600,$AAPL,Will still go down on lack of new products
18405590,$JAZZ,I think $JAZZ has plenty of room to run and lots of momentum to continue pushing it to new highs
9369557,$ASTX,dump it for minor loss
23526008,$WLL,lots of nice setups in Energy ;$;liking Whiting more each day $CRZO too
709439542089158700,$SPY,Lets BURN!
25160682,$TWTR,beat;$;up AH
6929823,$SINA,every time it jumps back in range
711987709972127700,$AAPL,Otherwise long
28703227,$PRGN,A bottom right here?
11107935,$ET,Accumulating
710110155216584700,$CHTR,
32648097,$AAPL,Elon MuskÃ¢â‚¬â„¢s Comparision Of $TSLA With $AAPL DoesnÃ¢â‚¬â„¢t Go Well
709731726726193200,$OUTR,the most trending
719611920110776300,$EBAY,Anyone else see an issue with this. No wonder $ebay stock sucks
710863854381563900,$GOOG,Unusual Call Activity
21856695,$RDEN,"green, lol... make-up to cover ugliness"
709834259687710700,$ASPS,Biggest Market Losers
710863854381563900,$CLF,Unusual Call Activity
32427089,$PPC,Quality Stocks With High Cash Returns
719517217247735800,$HTS,In Play Longs
709834259687710700,$VRX,Biggest Market Losers
719756644968763400,$BAMXY,BMW Takes A Leap Ahead Of Tesla
8504139,$SPY,Short interest increases yet again
719501877843349500,$NFLX,Netflix raising prices for 17m subscribers by $2.
14024460,$SCTY,covered up last of it
710143603524427800,$HD,looking for a sharp move up in equities
719549796994814000,$REGN,Out of $AMGN one year later;$;I'm tired of waiting here
10573348,$TEA,cash & cheap financing is fueling a wave of acquisitions
719623868495728600,$JNPR,Juniper tumbles on Q1 warning
25969840,$AAPL,probably hit a near term high;$;Momentum slowing after a huge run
711745824884187100,$TNET,
39050045,$WX,Decent pull back
719901932169527300,$GOOGL,"Google, Baidu,Tesla On Fast Track To Create 'Robot Cars'"
30919823,$FRO,Cheaper oil will introduce more shipment and higher tanker rates.
9756290,$WYNN,aint bad iether
709803667948318700,$AMZN,$AMZN up 5 points from yesterday's trade entry and alert
38625785,$AMBA,What's behind this drop?
16669526,$EBAY,pure garbage stock
719581208120844300,$SMH,whole Semiconductor space looks interesting
719528734299197400,$FB,"Sells 109,000 Shares of Facebook"
719599233280512000,$ORCL,trails $MSFT $ORCL $GOOG $CRM $ADBE
719582524142403600,$V,short
719880627412148200,$FB,how about a stock split?
709418142645137400,$FB,calls for nice gains;$;Still holding;$;Week made in a morning
719585625859428400,$GOOG,efficient but boring.
16080172,$AMZN,buy point has changed to 319 from 318
35904055,$IBIO,Ibio seems to be gaining big money;$;Shorts will be hurting
719572200051880000,$TSLA,I'm a buyer
719599977480253400,$UA,Stocks Higher In Afternoon Trade
709439542089158700,$AAPL,Lets BURN!
31099441,$AAPL,Now I'm glad I got stopped out
24462309,$BBRY,So far good $BBRY did not break;$;coz I was told that is key support level
34407013,$QLYS,all out for now
710127113127530500,$SCTY,Covered Call
32476166,$UGAZ,I sold half of my $UGAZ Long here
12108658,$BIDU,over 100% upside left from here in next 6 mnths
10310716,$HK,it's been a sinking ship
709749425208320000,$SYMC,Jan-18 6 Put with a big print
12248515,$CLWR,LONGS
22695238,$YELP,Future profits will be huge
31710623,$OCN,Major pump and dump coming this week
6006891,$PKT,biggest St50 gainers
30632010,$UGAZ,wait a little longer before re-entering
17792845,$GLD,possible double bottom set up
12105568,$TZA,Short week next week
719939196627116000,$IGE,Breaking 52 week highs timing looks great now
719599977480253400,$JPM,Higher In Afternoon Trade;$;Buy Point
708351849796083700,$MGM,Short Squeeze Ready To Upside w Crossing Important Technical Level
5960438,$AAPL,buy area now
719762401156034600,$INTC,Begin The Assault On Intel
719585607215808500,$YHOO,Today I bought more
719691311943536600,$AAPL,analysts conjuring up metrics to bring it down and boost their short positions.
708433303922204700,$CMCSA,Surges On Deal
13461331,$STX,If i had to pick one it would be
34779026,$ISIS,This will be a rough climb to the top;$;Many traders and bag holders looking to get out
719599977480253400,$AA,Stocks Higher In Afternoon Trade
24061441,$ISR,bullish pennant/symmetrical triangle b/o in progress;$;Long from $2.66
711377964647129100,$TSLA,Not sure we can see too much $TSLA up side thus week
12824244,$PCLN,NO one Believes in Flyin' anymore
23774048,$TNA,In 73.24
5542818,$AMZN,I am not optimistic;$;fundementals and charts look like poopoo this quarter.
