"""consumers keep cautious stance""",709723193125175300,$COST
"""close ctrp 4616 4355 entry 66""",719529094652698600,$CTRP
"""every reason bullish""",39048670,$INTC
"""panw need anoth 1 time high""",37048093,$PANW
"""long setup""",6207860,$JRCC
"""solid long term investmenpassivealso added sbux today income""",719911771625140200,$SBUX
"""recall""",719571433307955200,$TSLA
"""marriott wins new starwood deal raising cash portion bid""",711874651043926000,$MAR
"""time embrace dividend growth""",719559500852662300,$ABBV
"""bullshit applestores empty chinams must preparing liquidate aapl""",709737853639663600,$MS
"""5star analyst robert derrington wunderlich reiterated buy""",30084443,$BJRI
"""excitedbig valuehoping""",711948847971307500,$AAPL
"""oil break outadding chevron""",710211237058093000,$MCD
"""unusual call activity""",709777793798656000,$GWPH
"""chinas tourist bonanza isnt going anywhere""",719917003033681900,$QUNR
"""consumers keep cautious stance""",709723193125175300,$COST
"""close ctrp 4616 4355 entry 66""",719529094652698600,$CTRP
"""every reason bullish""",39048670,$INTC
"""panw need anoth 1 time high""",37048093,$PANW
"""long setup""",6207860,$JRCC
"""solid long term investmenpassivealso added sbux today income""",719911771625140200,$SBUX
"""recall""",719571433307955200,$TSLA
"""marriott wins new starwood deal raising cash portion bid""",711874651043926000,$MAR
"""time embrace dividend growth""",719559500852662300,$ABBV
"""bullshit applestores empty chinams must preparing liquidate aapl""",709737853639663600,$MS
"""5star analyst robert derrington wunderlich reiterated buy""",30084443,$BJRI
"""excitedbig valuehoping""",711948847971307500,$AAPL
"""oil break outadding chevron""",710211237058093000,$MCD
"""unusual call activity""",709777793798656000,$GWPH
"""chinas tourist bonanza isnt going anywhere""",719917003033681900,$QUNR
"""consumers keep cautious stance""",709723193125175300,$COST
"""close ctrp 4616 4355 entry 66""",719529094652698600,$CTRP
"""every reason bullish""",39048670,$INTC
"""panw need anoth 1 time high""",37048093,$PANW
"""long setup""",6207860,$JRCC
"""solid long term investmenpassivealso added sbux today income""",719911771625140200,$SBUX
"""recall""",719571433307955200,$TSLA
"""marriott wins new starwood deal raising cash portion bid""",711874651043926000,$MAR
"""time embrace dividend growth""",719559500852662300,$ABBV
"""bullshit applestores empty chinams must preparing liquidate aapl""",709737853639663600,$MS
"""5star analyst robert derrington wunderlich reiterated buy""",30084443,$BJRI
"""excitedbig valuehoping""",711948847971307500,$AAPL
"""oil break outadding chevron""",710211237058093000,$MCD
"""unusual call activity""",709777793798656000,$GWPH
"""chinas tourist bonanza isnt going anywhere""",719917003033681900,$QUNR
"""015""",39047884,$ESI
"""not guaranteed""",719590251891658800,$TSLA
"""potential continuation uptrend""",32349177,$HYG
"""longed""",5933426,$AMZN
"""absolute garbage still upstores totally emptystock mispriced""",17892972,$MW
"""buy dip""",22409313,$MSTX
"""weakest todays dt watchlist""",719895099300139000,$TSLA
"""see reasons cautious""",719533378698100700,$FB
"""breaking""",11685342,$DARA
"""bbry smack down looks legitimategs msare playing ignorant""",38563467,$GS
"""swing tradelooks like want go up""",8472562,$BAC
"""add short""",5866181,$SPY
"""nice""",26553639,$DVAX
"""verified 9895 loss endp trades""",719571926285312000,$ENDP
"""loving volume""",5453104,$VMW
"""hodbuyers stepped""",708381004180795400,$FB
"""clearing back above 50 daynext buy add area clears upper trend line volume""",5960481,$BIDU
"""eems respecting channel""",709780511200317400,$COST
"""sector stocks leading today""",708355634857529300,$CPGX
"""overbought""",709741154393133000,$INTC
"""look fb live video rollouttough space""",719515248571473900,$FB
"""kodak could pick up christmas write taxes""",29666346,$UNXL
"""theyll whip back down""",15981627,$AAPL
"""plus irish based getting rid generic biz""",719573068864032800,$ENDP
"""3037""",5379023,$VPRT
"""top netpayoutyields""",710965451677827100,$AMP
"""got sell signal 7114 still force target below 150""",24697241,$AMRN
"""buynot end world""",5853626,$GOOG
"""future bright""",34103560,$PLUG
"""bulls careful""",29364798,$BBRY
"""577 added 576 pb""",15349675,$KGC
"""may ripe takeover targe""",710475186353475600,$TWTR
"""top 5 stock picks""",719732320404709400,$OGS
"""tomorrow morning likely open north""",35980487,$AAPL
"""unusual call activity""",710863854381563900,$HYG
"""iraq boosts oil production record""",719493174167625700,$USO
"""failed breakouts failed setupslimping crutches next week""",7867073,$AAPL
"""takeover interest""",8562689,$RA
"""endp shares rattled""",719538296204959700,$INSY
"""buy csx ride railroads""",719498634803458000,$CSX
"""fb aapl""",719524328363073500,$FB
"""downgrade er""",27121711,$BBBY
"""good opportunity buy""",719881403970818000,$DB
"""insy lower""",719507659741872100,$INSY
"""nice day rally""",719535506980266000,$JPM
"""popping up hod""",719881985909350400,$FB
"""large players selling""",24458298,$CROX
"""finally broke free big brothers shadow""",17782586,$SCTY
"""buy back shares""",5497092,$AAPL
"""insider trading clair st unloaded 5838 shares""",38224737,$NTRS
"""files lawsuit verizon""",36006797,$VZ
"""looks solid 2016highteens eps growth""",719571596462133200,$GOOGL
"""fit sune not changed""",709411365299982300,$SUNE
"""doubled number""",719550842475393000,$SBUX
"""positive top notch investor dd trusted""",23547862,$KNDI
"""best stocks 2012""",6178538,$MSFT
"""addednew subscribers""",719508310207111200,$SIRI
"""market seems like roll herelook below""",719535831040401400,$NFLX
"""apples category win""",30856626,$AAPL
"""bullish story intactevenif market rolls""",31132360,$IMRS
"""continues base debate lingerdownside limited""",37935490,$ONTY
"""updated core4 portfolio""",719532032305573900,$NFLX
"""news nothing left dont keep anymor""",37892470,$VNDA
"""highest call put ratio""",719614954500857900,$DISCA
"""toprated""",708410688230842400,$PDCO
"""current holdings via optionslong""",17785769,$GS
"""watchlist top stocks""",719551394798268400,$WM
"""could testing 425 days""",11875799,$AAPL
"""bhp 304""",5514207,$BHP
"""time stomp dreams""",37450150,$DIA
"""sold""",719915914120921100,$DUST
"""arrg go round 2""",9738169,$EDU
"""short term fundredemption liquidations""",8213941,$AAPL
"""fb down 75 bearish patternimpressive bearish move""",719861575759372300,$FB
"""largest online gaming market""",31143613,$SNE
"""would like see upside break channel week""",709176395461750800,$GOOG
"""european debt keeps stocks down""",5835477,$EUR
"""lookin 4 short opt""",6445155,$MFLX
"""long fb""",719726286227132400,$FB
"""still real movementim sidelines""",5784142,$AIS
"""another great day millions gainshorts get caught tall grass""",31518357,$VXX
"""moves up tr1 long watchlist""",5398884,$KBE
"""laggardnothing get excited imois underperforming market""",8351517,$AAPL
"""google ibm arm amd begin assault intels server franchise""",719905344957222900,$GOOG
"""weak outlook""",719644552047362000,$NFLX
"""join dow jones monthreplacing""",33623906,$AAPL
"""bullish stocks twitter dip""",719909604654624800,$VZ
"""red""",719582832541179900,$TSLA
"""accumulated day""",719546315332546600,$MAR
"""ses warrants buy 117b 1497 amerisourcebergenpbr16 shares""",711113383341199400,$ABC
"""iraq boosts oil production record""",719493174167625700,$AAPL
"""biggest market losers""",709834259687710700,$MNK
"""added bbbystill profitable merchant profitable stores""",719528163596873700,$BBBY
"""stochastic sell signal""",29289791,$IFF
"""huge buy names""",37312789,$STLD
"""max pain 10100""",36297090,$GILD
"""oil 276""",5422915,$OIL
"""everyone buying calls eod friday""",32728385,$AAPL
"""consumers keep cautious stance""",709723193125175300,$WMT
"""decent supt hereexpect upside""",11204903,$SLV
"""swing short""",19607999,$AMZN
"""short setups looking nicereally nice""",709779449663721500,$FLT
"""new large player sells""",19388705,$UL
"""must exciting""",12800394,$BBRY
"""down day week month year""",5526621,$UUP
"""aapl interesting positive stories coming past day""",11983857,$AAPL
"""plunged""",719644552047362000,$VG
"""equity indexes working positive engulfing march""",7399381,$IWC
"""hope not short""",20469877,$BEAT
"""consumers keep cautious stance""",709723193125175300,$HD
"""upcoming first support days weeks""",12196849,$TNA
"""earnings growth looks dim current multiple high""",9416020,$SPY
"""multiyear stock breakouts""",9742736,$WMT
"""timing everything time canna security america""",710525327072583700,$FB
"""could see nice pop bids come higher expected""",719587542337720300,$YHOO
"""pushing highs""",18567587,$AMCN
"""turns back down early trading""",719525586863988700,$FB
"""resuming advance new historical highs""",5582309,$HITK
"""liking upside break""",9358281,$PPG
"""not pretty longer look""",5419254,$SPX
"""oil slid fouryear low afteropec kept oil production unchange""",29685449,$OIL
"""flat week""",708375808793026600,$SPY
"""eod run""",22100916,$FB
"""long""",17454753,$TSLA
"""another sell rating""",719530996681568300,$FXE
"""aapl could jump 50 partnering tsla""",719562665081737200,$TSLA
"""china february retail sales ecommerce remains resilient""",709776718026768400,$NKE
"""top 5 stock picks""",719732320404709400,$ROST
"""long""",18183440,$SIRI
"""todays momentum movers""",21026010,$CDTI
"""trending""",709731726726193200,$VRX
"""looking strong bouncelunchtime rally coming""",719891468173844500,$FB
"""stocks higher afternoon trade""",719599977480253400,$WFC
"""time go long amzn""",709787137881858000,$AMZN
"""first quarter amazing""",719888646241955800,$AIG
"""ftnt new high""",37048093,$FTNT
"""technologyhelp users""",719576182941958100,$FB
"""next resistance around""",13152807,$AAPL
"""bulls defend""",719520260181909500,$TSLA
"""broken downtrend""",719753696339472400,$AAPL
"""slips downgrade""",719872154641244200,$SBUX
"""long""",709389876295110700,$BITA
"""pie sky""",719849703106551800,$CRM
"""hottest part techsbux deal""",9162226,$SBUX
"""great companyneeds buyers""",5386257,$RIMM
"""added long friday close""",719515579372077000,$SPY
"""ief bullish tlt""",22780978,$TLT
"""back saddle""",11238707,$UVXY
"""one go long money rotating large cap tech""",710158462253142000,$QQQ
"""seeing competition""",719616495962067000,$GOOGL
"""see reasons cautious""",719533378698100700,$C
"""up another 03 ahit long way go find resistence""",8499556,$ACAD
"""3 top japan etfs surge higher 2h""",38895736,$QJPN
"""unusual call activity""",709777793798656000,$WSM
"""ron johnson tried failed inject bit apple culture jc penney""",13024560,$AAPL
"""premier retail dividend play""",719506353421709300,$COST
"""blackberry messenger second facebook user loyalty""",35257107,$BB.CA
"""up sale""",8260657,$ARNA
"""nice fade bell""",710827150266355700,$ADBE
"""stochastic overbought""",39047349,$ASMB
"""wfm may feel price competition""",709765994416365600,$WFM
"""users vetr bearishindicating sell rating""",719534447771697200,$TSLA
"""up 1""",709743356428025900,$AAPL
"""breakouts""",10602596,$CHMT
"""recall""",719571428060766200,$TSLA
"""stochastic overbought""",39047349,$ALR
"""sell ratingin need innovation""",719796218071621600,$AAPL
"""buying opportunity""",10920221,$BAC
"""like tsla end""",710142505493405700,$TSLA
"""google soon start selling chromebooks walmart staples""",14140852,$SPLS
"""analysts martian orders way high theyll never hit""",6267912,$AAPL
"""massive new jd headquartersnot much slowdown detected""",709973585226571800,$JD
"""nice little cupandhandle shaping upfavours good day index""",5721348,$SPY
"""pie sky""",719849703106551800,$CHKP
"""inside week buy triggers""",25571322,$DNKN
"""stocks insiders bullish""",5441240,$FAST
"""moving up""",9982140,$VVUS
"""recessionsdeclines""",708406053973659600,$TWTR
"""google dividend 0""",719693593066258400,$GOOG
"""gets nasdaq delisting noticeboard quit diluting shares""",5614354,$MVIS
"""quality stocks high cash returns""",32427089,$STX
"""finally right time invest national bank greeceire""",15946770,$IRE
"""loves sees""",709431643363213300,$TSLA
"""bounce retreatsnot short means""",719535209423593500,$YHOO
"""still wants higher think""",14655289,$SPY
"""crazy market up down up down up down""",28061995,$PCLN
"""inside week buy triggers""",25571322,$LOCO
"""insiders got one wronglooking bottomrsi 30""",7040295,$NIHD
"""good comeback""",24815315,$IBB
"""sh got potential""",709411365299982300,$SH
"""eading 200dma certain doom""",719891971360165900,$SBUX
"""oil break outadding chevron""",710211237058093000,$AXP
"""stopped""",21024991,$TSLA
"""potential continuation uptrend""",32349177,$HAL
"""spikes lowslower go""",39048817,$NBG
"""amba down""",34122674,$AMBA
"""must buy""",719615643918577700,$AAPL
"""adbe shorted 1 short float""",21174505,$ADBE
"""gusta""",25032300,$AAPL
"""rally fridaynew52weekhighsp 31""",708399906990329900,$ISRG
"""tsla news not good""",719572285170933800,$TSLA
"""delivering goods lets see spill chinese internet names""",32753195,$BITA
"""companies shld worried icloud""",5806487,$NFLX
"""gevoã¢â‚¬â„¢s alcohol jet fuel eligible used commercial flight""",719864087132442600,$DAL
"""fb gone green day""",709758795648409600,$FB
"""incy 100""",7737263,$INCY
"""iraq boosts oil production record""",719493174167625700,$UWTI
"""expects earnings maintain healthy growth year aheadthe companyã¢â‚¬â„¢s share price gained""",19500150,$F
"""sees downside 425""",10413981,$AAPL
"""citrix systems inc ctxs position increased mizuho""",719467784007192600,$CTXS
"""nice buyable intraday dip right""",9999828,$FB
"""gevoã¢â‚¬â„¢s alcohol jet fuel eligible used commercial flight""",719864087132442600,$SPY
"""lose least 1bmay not profitable another year""",17610673,$MSFT
"""waterfall ahead""",5554666,$GMCR
"""unusual call activity""",710863854381563900,$VXX
"""nice day rally""",719535506980266000,$DIS
"""bbry smack down looks legitimategs msare playing ignorant""",38563467,$BBRY
"""13f shows new stakes""",5795737,$GD
"""aaplhad big growing success years""",14756968,$AAPL
"""still positive market biassharp rally lowquality stocks points ongoing market gains""",708416296665399300,$CSCO
"""sell nflx""",710060125063614500,$NFLX
"""frs restaurants 24759""",15928669,$FRS
"""cuts outlook down""",719661137411747800,$CSCO
"""cracking lower earlyshortcorrection""",719519136318169100,$FB
"""current holdings via optionslong""",17785769,$V
"""biggest gainers today large caps""",719720776027353100,$STX
"""new macd signal created""",710532117164232700,$CTXS
"""aapl cleary surpassed bb""",12799689,$AAPL
"""broke descending channel""",8123917,$AAPL
"""complex challenges""",709362616578154500,$GOOG
"""markets back black 2016""",710822084579086300,$SPY
"""biggest market losers""",709834259687710700,$SID
"""nice pop todaytold ya would green""",12790708,$NOK
"""deutsche bank downgraded starbucks co""",719873426136150000,$SBUX
"""ams ahold 5""",719609967565803500,$AMS
"""rise 2morrow""",8308437,$KORS
"""looking add gold miner possibly lower pe tech name close""",24504842,$KGC
"""sucker ralliesdown trend""",37340646,$ZIOP
"""shares climb""",719620962094870500,$YHOO
"""looks good""",7177668,$EZPW
"""pivot area intraday chart""",12732850,$AAPL
"""diversifies riskbest place world""",719811329922625500,$AMZN
"""think tsla bubble might go time""",711712771675652100,$TSLA
"""private equity yahoo bid""",719634617465081900,$YHOO
"""oil break outadding chevron""",710211237058093000,$WMT
"""anglo american jumps 9""",719937548668256300,$AAL
"""raises revenue forecast""",18038613,$BRCM
"""market lot faith ecb""",9393661,$SPY
"""largest online gaming market""",31143613,$MSFT
"""cuts outlook down""",719661137411747800,$JNPR
"""little pullback""",8746240,$QCOR
"""possible target""",5512185,$SSO
"""short sighted sellers sorry soon""",30741682,$HPJ
"""lpth hot""",38028268,$LPTH
"""likely strongly benefit genetherapy""",709483088603119600,$BMRN
"""good load up confident""",6783339,$HGSI
"""congrats whoever bought""",38793629,$PVA
"""fb 20 times advertisers twtr""",719486879842902000,$FB
"""weak outlook""",719644552047362000,$YHOO
"""tensions grow china japan""",9182739,$EWJ
"""looking add gold miner possibly lower pe tech name close""",24504842,$CSCO
"""investment validates company""",38240250,$PBMD
"""tsla not available shorting time w""",719556016749330400,$W
"""quality stocks high cash returns""",32427089,$DTV
"""broken stockdownside possibilityi initiate new short position""",11149717,$HLF
"""finally breaking 49 mano buybacks week""",35559365,$AAPL
"""eros gets clean bill health audit""",711910931937112000,$EROS
"""shopping spree may continue""",719923191058210800,$GILD
"""wont pay anymorereal risk""",710187873492983800,$HZNP
"""adding expe pcln mix sooni already ctrp trip""",709398139195641900,$CTRP
"""strong buy""",709765435546185700,$NEIK
"""eps up 19 quarter last year""",13286015,$TXRH
"""unusual call activity""",710863854381563900,$BAC
"""4star analyst scott henry roth capital reiterated buy""",29679970,$CO
"""im going tomorrow evening""",39048791,$WYNN
"""fb squeezing one side""",719884758520606700,$FB
"""sees apple 150share year 36 today""",719534350509948900,$AAPL
"""tomorrow might rare buy tsla day""",719725258480046100,$TSLA
"""play tmrw""",6003051,$BMO
"""195 calls 78""",27434594,$SPY
"""unusual call activity""",710863854381563900,$EEM
"""calls getting hottoday getting paid""",710130452808536000,$MSFT
"""still not breaking""",13277173,$PAY
"""fxi 293""",5514207,$FXI
"""facebook trying get payments""",22167633,$FB
"""excited plays""",25330712,$CSOD
"""get ground floor fio""",6206304,$FIO
"""91 support""",711956003999211500,$BIB
"""reat comeback amzngreat comeback amzn""",710849407844028400,$AMZN
"""new high 2016""",719529978308603900,$NXPI
"""still track 500""",6763560,$AAPL
"""gaps down probly open get worse puts stupid cheap""",10103332,$CAT
"""unusual call activity""",709777793798656000,$RF
"""daily mail may yahoo""",719513471289860100,$YHOO
"""top stocks 2015 ready lead 2016""",710620435121971200,$NFLX
"""not getting inoil falling""",29712507,$HAL
"""competing bids emerge permit board explore valueenhancing alternatives objective maximizing""",24229806,$APP
"""resurgence stock price today might mean company may emerge stronger ever""",27655637,$GTAT
"""supermarket stocks rally tesco plans axe noncore uk assets""",719563779378438100,$SBRY
"""longbuying point""",719535349379285000,$FB
"""bear raid""",26218325,$PLUG
"""trading weak vs spy qqq""",719519346557657100,$SPY
"""short""",21368480,$MSFT
"""expects strong results""",719500525914492900,$AAPL
"""calx 40""",7737263,$CALX
"""one obvious opportunities year""",719532321855025200,$TSLA
"""holding up relatively well compared broad market""",18249994,$BAC
"""would rather buyer ugaz levels trying sell""",23416197,$HRL
"""go up much higher drop""",26943825,$VIPS
"""dumped pypl prlb""",719528681605959700,$PYPL
"""real deal hereholding""",7139227,$SPPI
"""large players selling""",24458298,$INO
"""yahoo extends bidding deadline interest grows""",719478441544925200,$EURUSD
"""could offer support revisit jump long bus""",29012822,$FCX
"""new positive timing signal""",719523247604285400,$SBUX
"""bring good news time""",14695795,$BBRY
"""shareholders welcome marriottstarwood deal""",719597174946992100,$HOT
"""big winnerlong""",711946103189426200,$PYPL
"""short holding breath hoping miracle""",7284904,$AAPL
"""back""",6135022,$GS
"""market seems like roll herelook below""",719535831040401400,$SPY
"""led light bulb prices rise japan""",13028004,$VECO
"""100 upside left next 6 mnths""",12108658,$LNKD
"""bears take clear near term advantage""",6148018,$SPY
"""topeka capital markets thinks sois fb buy""",17025255,$FB
"""unusual call activity""",710863854381563900,$GS
"""one want miss great newpatent new nxt wk""",9346026,$AMRN
"""bullish stocks twitter dip""",719909604654624800,$SCTY
"""loading spy aapl putsthink toppy""",719575574101016600,$SPY
"""airlines battle cuba routes aal luv save jblu""",709745040826966000,$LUV
"""pullbacktime""",719927267867103200,$TSLA
"""another 30 bbry 16 weekly puts""",13552568,$BBRY
"""red bell""",5466785,$WYNN
"""fb taking shine aapl goog""",719945914270556200,$GOOG
"""rally mode""",33296832,$AAPL
"""short setups looking nicereally nice""",709779449663721500,$IVZ
"""becoming disasterbetter returns elsewhere""",5703818,$AAPL
"""entry ideacoming narrow intraday range yesterdays high still above""",10041230,$LYB
"""aapl killed former killing latter""",719574026134237200,$AAPL
"""best stock wts 15""",5679790,$WTS
"""insider selling probably reason""",5801762,$TIBX
"""looking hmc stock make new 2013 high""",13415559,$HMC
"""330 decreased bullish conversations""",22410112,$GLUU
"""breakout watch""",719665168431456300,$IPG
"""insiders selling""",708960045799759900,$F
"""strong weekly led buy rec last weekdaily rs improving""",719528591168565200,$STX
"""trails msft orcl goog crm adbe""",719599233280512000,$GOOG
"""cytr af bashing""",28127317,$CYTR
"""amgn one year laterim tired waiting""",719549796994814000,$AMGN
"""right reject offer""",8056516,$WGO&
"""bot ung puts""",8168244,$UNG
"""right top thre cloud""",710580416634171400,$AAPL
"""buying tza calls""",5350721,$TZA
"""closed friday rs line new highs""",19869247,$NDX
"""rising steel demand higher prices steel coalcash magnet""",15208067,$CLF
"""pie sky""",719849703106551800,$ATVI
"""fed cuts rates forecastour calls go 100""",710232348738986000,$FB
"""adding puts""",10932475,$AAPL
"""anyone stayed long aapl made plenty""",9739175,$AAPL
"""like one lot""",35161526,$OPK
"""unusual call activity""",709777793798656000,$HTZ
"""actually lost 03c per share""",15479707,$BBRY
"""updated core4 portfolio""",719532032305573900,$ULTA
"""dips bought up real quick""",36961143,$AAPL
"""highest call put ratio""",719614954500857900,$CFG
"""downside breakout looks coming soon""",5898485,$ACOM
"""equities recently tagged undervalued""",719540521576882200,$AMZN
"""maintains neutral rating jp morganpt cut""",719869785249460200,$TRIP
"""heapest stock pe television services industrype 818 vsavg 26864779""",719656300863299600,$VIAB
"""hell yeah ill take fill day long baby""",24946705,$ACRX
"""pot cont uptrend longerterm""",719545628985004000,$NFLX
"""break confirmedbought leaps""",711022398322008000,$ISRG
"""perfect buy""",30800444,$DNKN
"""long gpro brealout trade""",35143213,$GPRO
"""digital strategy drive significant growth customer loyalty""",719623898627616800,$SBUX
"""double bottomhandle buy point""",5849433,$IP
"""stock options trade would doubled money""",719503915591413800,$BBBY
"""companys tech works better load up""",27783065,$RXII
"""report apple signs up googles cloud""",710221245716021200,$GOOG
"""run forest run""",709738392968364000,$AAPL
"""aggressive buy""",719950370294792200,$ITC
"""year launch itã¢â‚¬â„¢s clear pretty much one needs aapl watch""",719859934662365200,$AAPL
"""bullish reversal setup breakout""",35243913,$ENB.CA
"""nflx holding gain""",719530483898421200,$NFLX
"""worst performers today ek 10""",5679790,$EK
"""guess aapl buys back aftercatch pinners guard""",15256814,$AAPL
"""todays losers""",719652260322476000,$BLUE
"""bearish outside day""",5481072,$SDS
"""commodity channel index indicator signaled oversold""",719571578892206100,$FB
"""cant get back above 21220""",709382760092160000,$TSLA
"""launching shopping botcatalyst2016catalyst2016""",719914922310643700,$EBAY
"""yeah lets go down""",719519768349249500,$TSLA
"""held belowdouble top""",719612808913006600,$FB
"""above lower bollinger band""",709580205204099100,$REGN
"""heeeeeere comes pumpso glad picked up 9k end dayget ready bull ride""",37400198,$FREE
"""airplane hospitality industries set sights cuba""",719547552874512400,$AAL
"""sector stocks leading today""",708355634857529300,$LNC
"""impressive numbers""",710145820939706400,$ADBE
"""trying break 50day sma""",35596867,$XLU
"""still holding 226 yday""",26722177,$RXII
"""hopefully pull back""",38242955,$CPIX
"""looking healthy pull back longterm target 8""",6190411,$MU
"""lost huge still hopeful""",36657723,$PAL
"""rejected hodshould head lower""",8301393,$AAPL
"""shortput positions looking good herewait market downturn confirm""",33349961,$AMZN
"""shorting pig""",13998560,$SPY
"""oil break outadding chevron""",710211237058093000,$CSCO
"""till failing close above 10d macontinues stand weak""",37081094,$XLE
"""five stocks helped starboard valueã¢â‚¬â„¢s equity portfolio return 65 q1""",719545488702177300,$M
"""active puts""",16084152,$AAPL
"""deutsche bank cuts sbux""",719869647907110900,$SBUX
"""sector stocks leading today""",708355634857529300,$DHI
"""breakout today reporting earnings last night""",24943436,$FTI
"""short setups looking nicereally nice""",709779449663721500,$AMGN
"""sold jan 2013 580 puts lows pull back""",7043040,$AAPL
"""orgetting potential relative value users""",711720585143967700,$FB
"""letting calls ride solo""",5359914,$TZA
"""amzn 128""",719555610497273900,$AMZN
"""slw 168""",5514207,$SLW
"""google ibm arm amd begin assault intels server franchise""",719905344957222900,$IBM
"""buynot end world""",5853626,$AAPL
"""intu ises cloud software company""",719497506808328200,$INTU
"""sorry longs correction mode""",7678713,$QCOM
"""longs""",12248515,$GE
"""finally nice downside move looking 31 handle break""",719891827529281500,$INTC
"""take shot""",12319255,$UVXY
"""relief rally becomes belief rally""",21130209,$SPY
"""sell fb""",710060125063614500,$FB
"""time buy""",13134473,$AAPL
"""new large player sells""",19388705,$GA
"""largest online gaming market""",31143613,$NQ
"""notable gainers among liquid option names morning""",719544293606735900,$WDC
"""see big down day near future""",9099325,$AAPL
"""longs""",12248515,$SWHC
"""hope crush""",21985811,$DDD
"""china winners""",19639364,$CTRP
"""downbeaten stocks may ripe buys""",21382309,$AA
"""oil prices down oil stocks looking less cheap""",30827588,$AREX
"""still""",5285681,$TZA
"""upper trend line approximate position 200dmabias up""",719884784672120800,$AAPL
"""wow biocept among best 5 stocks""",35898170,$BIOC
"""up 33 since 625 buy signal""",14631536,$OSUR
"""increases annual dividend""",5983670,$LNT
"""longerterm technical swing long basis""",25816362,$TWTR
"""may feed tsla momentum run lately""",719528411430051800,$TSLA
"""overbought""",709741154393133000,$CVX
"""support""",5462494,$SPY
"""looks set fall""",38960261,$MCD
"""pretty steady accumulation support""",8658550,$AGU
"""biggest market losers""",709834259687710700,$ZYNE
"""buy call""",719536774821867500,$MINE
"""closes near key support zone""",30506310,$GPRO
"""alibaba invests southeast asian retailer lazadabidu""",719869800726544400,$BIDU
"""getting wings clipped today""",21272771,$NFLX
"""staying above open good sign""",15852778,$RNN
"""downgrade""",719520125582504000,$MFA
"""awful down""",14308451,$SLV
"""getting killed csco calls""",9430169,$CSCO
"""support hope holds look""",22514242,$ATRS
"""oasm grossly undervalued""",719609780000657400,$OASM
"""thumb down farno likeit supported ipo maker""",8054825,$FB
"""could possibly even see425""",5426139,$AAPL
"""putting little f short""",5540055,$F
"""equities recently tagged undervalued""",719540521576882200,$GPRO
"""nflx higher expecte""",719847471036375000,$NFLX
"""shortdoesnt move upward w conviction""",8896901,$AAPL
"""failed breakouts failed setupslimping crutches next week""",7867073,$HLF
"""long april 44 calls""",33983714,$XLU
"""sell signal hit atit go down next 5 min""",7817758,$AAPL
"""revenues 3281m vs 32818m est""",5684290,$FIX
"""qqq watch close near hod""",29960476,$QQQ
"""short workedputs up 50""",5819749,$LNKD
"""sellgoogl""",710060125063614500,$GOOGL
"""bullish stocks twitter dip""",719909604654624800,$GOOGL
"""stock consolidating accumulationwill funny see shorts get creamed""",19135590,$NQ
"""put money hznp better option drug already make money""",8870370,$HZNP
"""cautious u late party""",8307465,$ARNA
"""long""",709818213618442200,$ENDP
"""adding puts""",10932475,$AMZN
"""yahoos getting lots attention""",719571725420269600,$YHOO
"""going down""",11781180,$COMPQ
"""monday sold""",719473167945732100,$ACET
"""windows 10 awful""",719627739347755000,$MSFT
"""breakout watch""",719665168431456300,$NLSN
"""looking good""",34366754,$PLUG
"""reward better good earnings""",7800016,$SU
"""record number passengers served 2015""",719904304207962100,$ALK
"""breaking 759 eyes 755next buy target 7375 down 732""",710541213422776300,$GOOGL
"""worst stock 2015""",30800471,$JCP
"""record number passengers served 2015""",719904304207962100,$DAL
"""longbuying point""",719535349379285000,$NFLX
"""failed breakouts failed setupslimping crutches next week""",7867073,$SBH
"""longbuying point""",719535349379285000,$AAPL
"""chinese adrs heading higher""",7820993,$YOKU
"""another sell rating""",719530996681568300,$BLUE
"""institutions seem like class stocks""",12767826,$SPN
"""people think safe market dropsnot""",13673151,$AAPL
"""aapl losing""",710117230718148600,$AAPL
"""bear flag hr chartget ready buy tha dip""",719596613874745300,$FB
"""balance sheet value penney stock""",26491756,$PLUG
"""watchlist top stocks""",719551394798268400,$APC
"""upgraded buy argus""",711874109286711300,$TSLA
"""weekly still 50 moving averagecreating lower high""",719607788364832800,$AAPL
"""tock still green""",719572485251973100,$TSLA
"""bottom losses""",719699054645612500,$CWEI
"""buy dip""",22409313,$LF
"""like christmas may""",8063870,$FB
"""fbs glorified scrapbook""",719683753916899300,$FB
"""going lowerforget go short""",27018625,$SLV
"""slips downgrade""",719872154641244200,$MT
"""market tankingscaling down longs""",5359658,$FIO
"""oversold""",710594321481801700,$ICLR
"""looks like good entry qihu""",17919593,$QIHU
"""91 support""",711956003999211500,$IBB
"""tensions grow china japan""",9182739,$EWH
"""play longs""",719517217247735800,$SA
"""bottom losses""",719699054645612500,$CTRP
"""chart shows distinctive down channel not dip""",13946775,$SPY
"""churning high volumelots sellers trying get""",14898527,$FB
"""u think pandora game changer please check spotfy""",17807004,$P
"""support 1250""",9655994,$AMRN
"""bullish stocks twitter dip""",719909604654624800,$STZ
"""ok short go longeveryone win stock moves around""",14374679,$MCP
"""pivotal sees 27 upside alphabet""",719520383699824600,$GOOGL
"""recalls""",719572927562297300,$TSLA
"""breaking good vol parser buy signal""",719559558494969900,$CTRP
"""bottom losses""",719699054645612500,$OASM
"""fb 34 vs 57""",719508490616762400,$FB
"""easy sell open every day""",6132955,$AAPL
"""ended day down""",719627436447535100,$JJSF
"""highest call put ratio""",719614954500857900,$INVA
"""intraday bo bull flagjnug""",30091485,$JNUG
"""google inc completes acquisition icoa""",10698860,$GOOG
"""play 430 announcement sell""",35960005,$TSLA
"""break yet either direction""",719884293732847600,$AMZN
"""go elsewhere""",38651699,$SGYP
"""patents look strong com""",9456018,$AMRN
"""back underdarn shorts""",5934720,$FMCN
"""unusual call activity""",710863854381563900,$CMG
"""agree buy""",710541216698335200,$CSCO
"""baltic dry index lower 8 days 30 years""",32381426,$BDI
"""stalled 10644 previously looking enter near 10650""",719942280258322400,$NFLX
"""cmon bulls buy dips""",13895720,$SPY
"""buying""",719607804538044400,$EBAY
"""stock high probability rallying""",13116484,$VOLC
"""picked up calm target 57 gild target 115 great upside potential""",709948124849115100,$GILD
"""sell sell sell short sell idiots leave em holding bag going end up like vrx worthless bloated pos""",719585827374895100,$VRX
"""breakout above 2983 would constitute technical entry short term trader""",15715060,$YHOO
"""red aapl dragging down qqq""",719890047135281200,$QQQ
"""strong move today junior gold minerskeep eye gap fill""",30403288,$GDX
"""china winners""",19639364,$BIDU
"""sorry longs correction mode""",7678713,$AAPL
"""short""",711188520115818500,$TSLA
"""good news coming ill hold thirty large""",9564221,$ANTH
"""nice see turn corner""",25735517,$PLUG
"""crazy ceo marissa mayer would receive multiple millions dollars failing turn yhoo around""",719551384249634800,$YHOO
"""drugs biotech getting perky""",719630671220777000,$MRK
"""failed breakouts failed setupslimping crutches next week""",7867073,$MNST
"""im still bullish""",5576283,$AAPL
"""hit short term target 100 sma""",710511181027536900,$AAPL
"""next long im eyeing""",9298895,$NSM
"""maybe new buy program""",26037247,$SPY
"""unusual call buying""",711907079296933900,$DVN
"""ascending triangle gives bullish bias chartbreakout above 84 positive""",24228488,$TROW
"""iraq boosts oil production record""",719493174167625700,$SPX
"""reasons caution chinese stocks""",719680445550587900,$DANG
"""short setups looking nicereally nice""",709779449663721500,$HRTX
"""buy call""",719536774821867500,$ANPPF
"""hell would touch right""",11041345,$AAPL
"""misses 001misses revenue""",719877375102570500,$FAST
"""aapl using googl cloud""",710232349779300400,$AAPL
"""pie sky""",719849703106551800,$AMZN
"""todays strong radar stock""",37516896,$MATW
"""went long short acct""",8108130,$AAPL
"""synergy pharma soars 67 today positive phase 3 results""",38428783,$SGYP
"""unusual call activity""",709777793798656000,$ASHR
"""tight pattern""",6307787,$AMT
"""moved upper bollinger band""",29695868,$TXN
"""breaking""",8412634,$AMZN
"""68 calls buying activity""",709398151283793900,$TRIP
"""could technical sellersshorts getting back game""",6495505,$SINA
"""unusual call activity""",710863854381563900,$C
"""buyingputs tomorrow""",5350721,$TNA
"""good opportunity buy""",719881403970818000,$SBUX
"""today close csx""",719862035396169700,$CSX
"""breaking""",719530610193137700,$CTRP
"""seems strange marketthe way oil controlling markets""",32430292,$SPY
"""top netpayoutyields""",710965451677827100,$M
"""suggestion puts buy""",15804408,$AAPL
"""anyone know whats up big sell""",15526518,$CYBX
"""3 top japan etfs surge higher 2h""",38895736,$ITF
"""closed buy""",719593062406598700,$FB
"""bear raid effect""",8701834,$VVUS
"""massive short squeeze opportunity""",5662488,$GMCR
"""teel revenue rises 36 auto sector demand""",31795627,$AKS
"""best stocks 2012""",6178538,$CAT
"""board assess alibabasoftbank proposal""",6202274,$YHOO
"""picking up speed""",7842859,$SDS
"""stock ripping""",39047416,$COWN
"""361""",20249627,$ACAD
"""whole foods market slated open doors may 25""",719584100227526700,$WFM
"""1m6m trends turn bullish today""",33172382,$BBRY
"""citi even reconfirmed outperform""",11025416,$ARIA
"""homebuilders lead sustained stock market rally""",5704419,$XHB
"""full bull call spread ranging""",13560345,$AMRN
"""not want go downrisk appetite still high""",6692038,$JNK
"""peter smedley reiterates jd sports fashion buy""",719781150554722300,$JD
"""institutions seem like class stocks""",12767826,$BHI
"""time embrace dividend growth""",719559500852662300,$WYN
"""nobody wants electric car""",708898404181475300,$TSLA
"""reak hod volumewe nice consolidation completed another run""",34060864,$KNDI
"""stock climbs barrons sees 40 upside""",719549030892744700,$AAPL
"""tock way highupgrades positive news expected""",29580219,$ARIA
"""short squeeze ready upside w crossing important technical level""",708351849796083700,$JBLU
"""nlsn launching marketing cloud""",719900573856829400,$NLSN
"""addding tsla ss added small vrx long tsla vrx""",710857137585528800,$VRX
"""buy call""",719536774821867500,$LIFE
"""oil prices down oil stocks looking less cheap""",30827588,$OIL
"""whos buying""",26733780,$GTAT
"""anglo american jumps 9""",719937548668256300,$RIO
"""component supplier crus falls sale""",13084809,$CRUS
"""nice day rally""",719535506980266000,$AMZN
"""nibbling small longbuying 13min charts""",10586814,$AAPL
"""posted buy pm 440""",8065304,$EFUT
"""fire marissa maye""",708385672998989800,$YHOO
"""someone buying bighere lows""",709420584979927000,$STX
"""looking good""",18365036,$YELP
"""amazing run since middle march""",8596164,$SONC
"""generate 895m revenue""",719875775097348100,$FB
"""could lotto winners""",18706410,$SRPT
"""piper jeffries raises pti remain long""",719523999282278400,$ILMN
"""cant understand logic shorting nowoh well helps price go up guess""",20312961,$GE
"""rally fridaynew52weekhighsp 31""",708399906990329900,$T
"""abc bullish pattern""",709893877566582800,$CHKP
"""nice pattern al weeklybut pre earnings action thursday needs resolved""",13523414,$AL
"""institutions seem like class stocks""",12767826,$FTI
"""lucrative esports opportunity""",719540465188675600,$SIRI
"""v momentum""",719612962013634600,$V
"""225 million new internet users added globally every year""",719533807897047000,$AMZN
"""equity indexes working positive engulfing march""",7399381,$SMH
"""big year amgn""",719545584995029000,$AMGN
"""amzn dropping 7b market capbecause theyre losing 400m aapls business""",710491410789752800,$AMZN
"""grpn much better day fb""",8067736,$GRPN
"""launching japan fallthink one fastest launches country date""",36925712,$NFLX
"""added nxpi""",719586430243090400,$NXPI
"""going back slowly""",710793306100228100,$TSE
"""added long friday close""",719515579372077000,$BLUE
"""nice day rally""",719535506980266000,$WMT
"""seriously nothing says strong growth likewell played""",13132243,$XLP
"""fast 56pc dive""",7853493,$SPY
"""active puts""",16084152,$LAMR
"""wanted get morning missed""",19034611,$ECA
"""bot 224""",10561783,$KCG
"""clearing new 52week high good base""",12134471,$OKSB
"""short term consolidation movement higher""",18526288,$NFLX
"""come party buy thisgonna give solid gains dividend""",34332530,$HCP
"""fb still dog going much lower week""",719523139730993200,$FB
"""kndi china electric car maker china car sales 78""",719528176096030700,$TSLA
"""holy green day batmanluv plan comes together""",10892920,$WPRT
"""went 26 66""",8205873,$GLD
"""remember squeeze market di""",16915153,$JCP
"""needs make solid break thru current resistance""",8784472,$AWAY
"""sometimes question bother sub 500 stocksretail short sighted""",21778536,$BAXS
"""rsi lowest level since october 2012""",15249839,$DIA
"""announces record esports viewership""",719905644648632300,$ATVI
"""huge buy names""",37312789,$NUE
"""decent handlepretty tight month""",719602897479168000,$GOOGL
"""sandbagged guidancewas cautiously optimistic""",32199482,$GILD
"""fb 20 times advertisers twtr""",719486879842902000,$FB
"""poised breakout""",20276674,$ARIA
"""sdrl 369 long""",710115038011465700,$SDRL
"""closed friday rs line new highs""",19869247,$SOX
"""gon na start shorting every 10""",31015066,$UGAZ
"""large cap tech finally trying catch up rest market""",13279906,$QQQ
"""needs rush buyersi like tho""",13451840,$ALXA
"""juno got good news today""",719669537201725400,$JUNO
"""room go""",719915781719347200,$ESRX
"""dilution dont scare""",39047584,$ETRM
"""bumped up resistance 3 times 5min""",35950566,$CLF
"""iraq boosts oil production record""",719493174167625700,$NUGT
"""watch momentum above""",15530874,$NVDQ
"""600 yearly return not ordinary occurrence""",20795798,$TSLA
"""gon na short tsla tomorrows opening""",719672950044106800,$TSLA
"""sign healthy advancing stock stays above 20dma""",33674145,$ATHX
"""down big would awesome""",5887305,$SPY
"""n great financial position""",709019023921561600,$ISRG
"""start going up slowly""",21805951,$RNN
"""todays losers""",719652260322476000,$ICPT
"""breakout longthrough 100 200 masee run""",5509901,$T
"""may lower entry point""",37476848,$PX
"""charts flashing oversold""",25145744,$RAD
"""long""",5959915,$TSPT
"""trims stake""",710554129844797400,$MDLZ
"""up 1326""",708381020765052900,$JKHY
"""5 best analyst rated stocks""",710496429974888400,$ORCL
"""still go down lack new products""",719908259893616600,$AAPL
"""think jazz plenty room run lots momentum continue pushing new highs""",18405590,$JAZZ
"""dump minor loss""",9369557,$ASTX
"""lots nice setups energy liking whiting day crzo""",23526008,$WLL
"""lets burn""",709439542089158700,$SPY
"""beatup ah""",25160682,$TWTR
"""every time jumps back range""",6929823,$SINA
"""otherwise long""",711987709972127700,$AAPL
"""bottom right""",28703227,$PRGN
"""accumulating""",11107935,$ET
"""elon muskã¢â‚¬â„¢s comparision tsla aapl doesnã¢â‚¬â„¢t go well""",32648097,$AAPL
"""trending""",709731726726193200,$OUTR
"""anyone else see issue wonder ebay stock sucks""",719611920110776300,$EBAY
"""unusual call activity""",710863854381563900,$GOOG
"""green lol makeup cover ugliness""",21856695,$RDEN
"""biggest market losers""",709834259687710700,$ASPS
"""unusual call activity""",710863854381563900,$CLF
"""quality stocks high cash returns""",32427089,$PPC
"""play longs""",719517217247735800,$HTS
"""biggest market losers""",709834259687710700,$VRX
"""bmw takes leap ahead tesla""",719756644968763400,$BAMXY
"""short interest increases yet""",8504139,$SPY
"""netflix raising prices 17m subscribers 2""",719501877843349500,$NFLX
"""covered up last""",14024460,$SCTY
"""looking sharp move up equities""",710143603524427800,$HD
"""amgn one year laterim tired waiting""",719549796994814000,$REGN
"""cash cheap financing fueling wave acquisitions""",10573348,$TEA
"""juniper tumbles q1 warning""",719623868495728600,$JNPR
"""probably hit near term highmomentum slowing huge run""",25969840,$AAPL
"""decent pull back""",39050045,$WX
"""google baidutesla fast track create robot cars""",719901932169527300,$GOOGL
"""cheaper oil introduce shipment higher tanker rates""",30919823,$FRO
"""aint bad iether""",9756290,$WYNN
"""amzn up 5 points yesterdays trade entry alert""",709803667948318700,$AMZN
"""whats behind drop""",38625785,$AMBA
"""pure garbage stock""",16669526,$EBAY
"""whole semiconductor space looks interesting""",719581208120844300,$SMH
"""sells 109000 shares facebook""",719528734299197400,$FB
"""trails msft orcl goog crm adbe""",719599233280512000,$ORCL
"""short""",719582524142403600,$V
"""stock split""",719880627412148200,$FB
"""calls nice gainsstill holdingweek made morning""",709418142645137400,$FB
"""efficient boring""",719585625859428400,$GOOG
"""buy point changed 319 318""",16080172,$AMZN
"""ibio seems gaining big moneyshorts hurting""",35904055,$IBIO
"""im buyer""",719572200051880000,$TSLA
"""stocks higher afternoon trade""",719599977480253400,$UA
"""lets burn""",709439542089158700,$AAPL
"""im glad got stopped""",31099441,$AAPL
"""far good bbry not breakcoz told key support level""",24462309,$BBRY
"""covered call""",710127113127530500,$SCTY
"""sold half ugaz long""",32476166,$UGAZ
"""100 upside left next 6 mnths""",12108658,$BIDU
"""sinking ship""",10310716,$HK
"""jan18 6 put big print""",709749425208320000,$SYMC
"""longs""",12248515,$CLWR
"""future profits huge""",22695238,$YELP
"""major pump dump coming week""",31710623,$OCN
"""biggest st50 gainers""",6006891,$PKT
"""wait little longer reentering""",30632010,$UGAZ
"""possible double bottom set up""",17792845,$GLD
"""short week next week""",12105568,$TZA
"""breaking 52 week highs timing looks great""",719939196627116000,$IGE
"""higher afternoon tradebuy point""",719599977480253400,$JPM
"""short squeeze ready upside w crossing important technical level""",708351849796083700,$MGM
"""buy area""",5960438,$AAPL
"""begin assault intel""",719762401156034600,$INTC
"""today bought""",719585607215808500,$YHOO
"""analysts conjuring up metrics bring down boost short positions""",719691311943536600,$AAPL
"""surges deal""",708433303922204700,$CMCSA
"""pick one would""",13461331,$STX
"""rough climb topmany traders bag holders looking get""",34779026,$ISIS
"""stocks higher afternoon trade""",719599977480253400,$AA
"""bullish pennantsymmetrical triangle bo progresslong 266""",24061441,$ISR
"""not sure see much tsla up side thus week""",711377964647129100,$TSLA
"""one believes flyin anymore""",12824244,$PCLN
"""7324""",23774048,$TNA
"""not optimisticfundementals charts look like poopoo quarter""",5542818,$AMZN
